Organization,Name,Archived,Updated At,Visibility,Dependabot Alerts Status,Dependabot Security Updates Status,Code Scanning Alerts Status,Code Scanning Pull Request Alerts Status,Code Scanning Default Setup Status,Secret Scanning Alerts Status,Secret Scanning Push Protection Status,Advanced Security Status,Topics,Teams (truncated at 20 values)
Polohiero,centralpolohiero,false,2023-11-26 20:23:58 UTC,public,not-enabled,not-enabled,not-enabled,not-enabled,ineligible,enabled,enabled,not-enabled,,
Polohiero,demo-repository,false,2023-11-23 08:49:55 UTC,private,not-enabled,not-enabled,not-enabled,not-enabled,ineligible,not-enabled,not-enabled,not-enabled,"[""gmail""]",
Polohiero,fluffy-memory,false,2023-11-24 17:03:27 UTC,public,enabled,enabled,not-enabled,not-enabled,ineligible,enabled,enabled,not-enabled,,
Polohiero,Gmail.co,false,2023-12-14 08:33:55 UTC,public,not-enabled,not-enabled,not-enabled,not-enabled,ineligible,not-enabled,not-enabled,not-enabled,,
Polohiero,GMAIL.COM,false,2023-11-21 03:54:02 UTC,public,not-enabled,not-enabled,not-enabled,not-enabled,ineligible,not-enabled,not-enabled,not-enabled,,
Polohiero,Login-Signup-Form,false,2023-11-23 12:18:18 UTC,public,not-enabled,not-enabled,not-enabled,not-enabled,ineligible,not-enabled,not-enabled,not-enabled,,
Polohiero,Login-Signup-Formf,false,2023-12-03 04:51:20 UTC,public,not-enabled,not-enabled,not-enabled,not-enabled,ineligible,not-enabled,not-enabled,not-enabled,,
Polohiero,potential-octo-spor,false,2023-11-21 03:54:02 UTC,public,not-enabled,not-enabled,not-enabled,not-enabled,ineligible,not-enabled,not-enabled,not-enabled,,
Polohiero,potential-octo-spork,false,2023-11-21 03:54:02 UTC,public,not-enabled,not-enabled,not-enabled,not-enabled,ineligible,not-enabled,not-enabled,not-enabled,"[""gmail""]",
Polohiero,super-tribbl,false,2023-11-23 08:52:44 UTC,public,not-enabled,not-enabled,not-enabled,not-enabled,ineligible,not-enabled,not-enabled,not-enabled,,
Polohiero,super-tribble,false,2023-11-23 04:39:02 UTC,public,not-enabled,not-enabled,not-enabled,not-enabled,ineligible,not-enabled,not-enabled,not-enabled,,
Polohiero,sveltekit-1,false,2023-11-25 03:06:32 UTC,private,enabled,enabled,not-enabled,not-enabled,not-enabled,not-enabled,not-enabled,not-enabled,,
